id,first_name,last_name,email,gender,ip_address
1,Renelle,Stubbe,rstubbe0@cmu.edu,Non-binary,83.205.154.49
2,Win,Trebbett,wtrebbett1@delicious.com,Genderqueer,71.59.251.86
3,Elizabeth,Havesides,ehavesides2@seattletimes.com,Non-binary,193.6.224.109
4,Normy,Tomkinson,ntomkinson3@wikipedia.org,Genderfluid,229.204.57.184
5,Neille,Dooman,ndooman4@smh.com.au,Non-binary,113.43.169.192
6,Rayna,Piatto,rpiatto5@google.com.hk,Male,164.195.1.16
7,Joy,Darrington,jdarrington6@latimes.com,Non-binary,131.108.116.65
8,Hilarius,Waszkiewicz,hwaszkiewicz7@cdbaby.com,Genderqueer,154.44.178.169
9,Zonnya,Mulqueen,zmulqueen8@mediafire.com,Bigender,252.167.191.96
10,Grant,Death,gdeath9@utexas.edu,Polygender,29.42.42.187
11,Cynde,O'Lennane,colennanea@w3.org,Genderfluid,45.134.104.226
12,Filip,Lindwall,flindwallb@networksolutions.com,Genderqueer,217.126.148.90
13,Pen,Gurney,pgurneyc@xing.com,Non-binary,248.118.165.243
14,Rich,Blindt,rblindtd@scientificamerican.com,Female,83.158.239.156
15,Hodge,Lount,hlounte@list-manage.com,Non-binary,111.8.102.26
16,Venita,Croster,vcrosterf@wix.com,Genderqueer,224.101.110.141
17,Pincas,Marde,pmardeg@posterous.com,Polygender,215.182.244.239
18,Merell,Ullock,mullockh@histats.com,Male,103.79.193.20
19,Tallou,Wheaton,twheatoni@accuweather.com,Genderfluid,207.130.10.199
20,Cathryn,Stearnes,cstearnesj@irs.gov,Bigender,175.85.5.60
21,Bride,Kopfen,bkopfenk@comsenz.com,Polygender,151.233.14.173
22,Lynne,Bullerwell,lbullerwelll@desdev.cn,Female,50.189.174.190
23,Milissent,Bristowe,mbristowem@ustream.tv,Polygender,237.206.176.214
24,Katrina,Mannock,kmannockn@ebay.com,Non-binary,65.8.181.44
25,Hart,Gristhwaite,hgristhwaiteo@sfgate.com,Non-binary,106.218.77.160
26,Aveline,Cleef,acleefp@comsenz.com,Male,250.184.237.143
27,Genny,Itzig,gitzigq@jimdo.com,Genderfluid,104.219.78.231
28,Huntlee,Stollhofer,hstollhoferr@yelp.com,Non-binary,191.44.158.132
29,Shayna,Gierke,sgierkes@ucoz.com,Non-binary,240.220.53.24
30,Joyce,McCalister,jmccalistert@homestead.com,Polygender,238.139.233.95
31,Rachael,Floyde,rfloydeu@merriam-webster.com,Genderqueer,97.113.10.65
32,Becky,Southall,bsouthallv@senate.gov,Female,50.139.85.25
33,Kendell,Dorgon,kdorgonw@hubpages.com,Genderqueer,30.76.240.102
34,Taber,Matiewe,tmatiewex@java.com,Genderfluid,120.19.55.17
35,Federico,Scoyles,fscoylesy@vinaora.com,Agender,115.47.188.38
36,Cory,Jedrych,cjedrychz@skyrock.com,Agender,241.159.202.16
37,Milo,Waddilove,mwaddilove10@china.com.cn,Female,154.10.5.85
38,Agneta,Jessop,ajessop11@facebook.com,Polygender,221.165.50.232
39,Finlay,Gile,fgile12@disqus.com,Genderqueer,97.220.111.241
40,Dasi,Longridge,dlongridge13@phoca.cz,Genderqueer,215.150.238.127
41,Erma,Dilston,edilston14@uol.com.br,Bigender,120.182.9.190
42,Sioux,Billison,sbillison15@miitbeian.gov.cn,Bigender,61.89.109.197
43,Elisabet,Eberle,eeberle16@disqus.com,Bigender,231.19.41.24
44,Marlow,Woollends,mwoollends17@usa.gov,Non-binary,61.187.167.127
45,Lyell,Michele,lmichele18@hatena.ne.jp,Genderfluid,135.88.98.249
46,Nonna,Derrick,nderrick19@wiley.com,Genderfluid,181.51.237.122
47,Ferdinand,Eymor,feymor1a@taobao.com,Female,181.38.71.92
48,Cornelius,Shackelton,cshackelton1b@ask.com,Female,189.64.208.184
49,Sonya,Emeny,semeny1c@irs.gov,Female,171.246.243.228
50,Stavros,Scriviner,sscriviner1d@eventbrite.com,Agender,162.112.120.226
51,Linea,Cheyenne,lcheyenne1e@ucsd.edu,Agender,61.52.51.86
52,Isaac,McMenamin,imcmenamin1f@wunderground.com,Genderqueer,167.163.202.211
53,Franciska,Twaits,ftwaits1g@mit.edu,Female,180.168.15.160
54,Marie-jeanne,Grene,mgrene1h@dropbox.com,Genderfluid,113.143.201.20
55,Vlad,Aburrow,vaburrow1i@noaa.gov,Bigender,186.234.160.207
56,Ruddy,Goodfield,rgoodfield1j@redcross.org,Genderqueer,168.199.54.152
57,Shanta,Allone,sallone1k@quantcast.com,Non-binary,28.178.237.88
58,Hagen,Upfold,hupfold1l@who.int,Agender,115.179.26.167
59,Tierney,Blamphin,tblamphin1m@cnn.com,Agender,65.4.73.253
60,Gus,Neal,gneal1n@cbslocal.com,Bigender,122.128.227.218
61,Haskel,Gonsalvez,hgonsalvez1o@va.gov,Genderfluid,223.108.233.38
62,Silvan,Derx,sderx1p@histats.com,Male,180.109.223.130
63,Micheline,Handes,mhandes1q@arizona.edu,Bigender,167.64.147.53
64,Margeaux,Wraggs,mwraggs1r@vkontakte.ru,Genderqueer,239.91.94.210
65,Buck,Whitfeld,bwhitfeld1s@bbc.co.uk,Bigender,22.11.244.80
66,Viki,Cowlard,vcowlard1t@so-net.ne.jp,Non-binary,22.252.67.27
67,Alasteir,Brandi,abrandi1u@auda.org.au,Polygender,199.158.36.68
68,Granthem,Dubarry,gdubarry1v@vimeo.com,Non-binary,28.160.193.248
69,Christabel,Klement,cklement1w@shareasale.com,Female,162.205.132.193
70,Jandy,Elcott,jelcott1x@pinterest.com,Male,49.153.218.129
71,Cornie,Gatward,cgatward1y@sourceforge.net,Polygender,101.122.182.53
72,Pippa,Treadgold,ptreadgold1z@discuz.net,Polygender,142.117.85.42
73,Lilith,Bass,lbass20@slashdot.org,Bigender,211.48.196.223
74,Bette,Traviss,btraviss21@bandcamp.com,Male,164.175.19.242
75,Asher,Djurdjevic,adjurdjevic22@liveinternet.ru,Agender,102.58.228.64
76,Waldemar,Moan,wmoan23@newsvine.com,Female,241.30.129.219
77,Dar,Parrin,dparrin24@comsenz.com,Female,149.75.132.116
78,Polly,Matteo,pmatteo25@mit.edu,Male,63.119.219.62
79,Marylin,Mustard,mmustard26@latimes.com,Bigender,101.119.224.240
80,Hansiain,Fortoun,hfortoun27@clickbank.net,Polygender,77.137.34.219
81,Jermaine,Daville,jdaville28@gizmodo.com,Genderfluid,30.20.248.127
82,Lib,Windebank,lwindebank29@twitpic.com,Female,44.116.228.60
83,Neila,Broadis,nbroadis2a@cocolog-nifty.com,Genderfluid,222.144.110.209
84,Nonna,Houlston,nhoulston2b@cbslocal.com,Genderfluid,70.228.94.60
85,Barbi,Dibbe,bdibbe2c@com.com,Non-binary,202.182.122.139
86,Gordie,Sutworth,gsutworth2d@simplemachines.org,Genderfluid,44.42.6.40
87,Hebert,Wynes,hwynes2e@sourceforge.net,Male,90.9.123.115
88,Thomasin,Langfat,tlangfat2f@yellowbook.com,Female,158.75.5.252
89,Kirk,Strangman,kstrangman2g@github.io,Male,221.78.21.237
90,Yancy,Boxen,yboxen2h@shinystat.com,Polygender,79.235.80.229
91,Leonie,Brimelow,lbrimelow2i@netvibes.com,Genderfluid,88.114.114.82
92,Peyter,Bierling,pbierling2j@furl.net,Non-binary,173.195.149.228
93,Jude,Lorman,jlorman2k@dion.ne.jp,Agender,62.126.49.196
94,Selena,Cearley,scearley2l@webs.com,Male,75.129.37.40
95,Cleve,Ech,cech2m@soup.io,Agender,226.135.227.101
96,Horatia,Dorrian,hdorrian2n@walmart.com,Genderqueer,77.123.150.86
97,Sarita,Cranfield,scranfield2o@bloglovin.com,Male,215.79.91.212
98,Tremaine,Duggleby,tduggleby2p@msu.edu,Polygender,55.96.205.251
99,Willy,Blueman,wblueman2q@chicagotribune.com,Bigender,251.57.92.115
100,Shermie,Tampen,stampen2r@amazon.com,Male,108.230.76.45
101,Gertrud,Ummfrey,gummfrey2s@fc2.com,Non-binary,88.47.58.98
102,Herby,Friedank,hfriedank2t@shop-pro.jp,Agender,213.248.232.228
103,Gian,Rofe,grofe2u@behance.net,Female,26.222.144.20
104,Francene,Ovill,fovill2v@weebly.com,Bigender,93.185.36.112
105,Lesya,Eirwin,leirwin2w@statcounter.com,Female,195.245.158.120
106,Robers,Danes,rdanes2x@behance.net,Genderfluid,117.19.63.253
107,Dean,Gritland,dgritland2y@army.mil,Non-binary,16.219.140.87
108,Irwinn,Penwell,ipenwell2z@mail.ru,Genderqueer,74.35.20.206
109,Coriss,Reck,creck30@slideshare.net,Non-binary,50.27.253.123
110,Terri,Wardesworth,twardesworth31@plala.or.jp,Genderqueer,222.135.82.71
111,Salmon,Lichtfoth,slichtfoth32@yelp.com,Genderfluid,174.20.145.64
112,Sawyer,Olivier,solivier33@harvard.edu,Female,16.178.204.184
113,Sophia,Benterman,sbenterman34@cbsnews.com,Non-binary,229.215.233.110
114,Justus,Sergant,jsergant35@so-net.ne.jp,Female,250.55.48.202
115,Randall,O'Leahy,roleahy36@shinystat.com,Bigender,42.123.235.218
116,Louie,Dummer,ldummer37@symantec.com,Polygender,158.170.151.71
117,Doria,Killich,dkillich38@joomla.org,Agender,88.245.92.24
118,Michaella,Maybury,mmaybury39@biglobe.ne.jp,Polygender,234.36.49.236
119,Eddy,Dowglass,edowglass3a@buzzfeed.com,Genderfluid,24.144.169.242
120,Asa,Jennings,ajennings3b@miitbeian.gov.cn,Genderqueer,118.95.210.183
121,Cilka,Wollard,cwollard3c@bloglovin.com,Genderfluid,115.31.41.14
122,Douglas,Rymer,drymer3d@multiply.com,Agender,20.205.149.198
123,Carissa,Puller,cpuller3e@1und1.de,Agender,150.249.79.2
124,Miof mela,Stephen,mstephen3f@marriott.com,Genderfluid,68.247.195.79
125,Chariot,Hansemann,chansemann3g@engadget.com,Male,102.52.201.70
126,Lorita,Atwater,latwater3h@cnbc.com,Genderqueer,235.86.34.140
127,Merry,Beveredge,mbeveredge3i@cdbaby.com,Genderqueer,92.14.53.128
128,Corbet,Eykelbosch,ceykelbosch3j@businessinsider.com,Bigender,35.159.185.84
129,Randie,Pitrollo,rpitrollo3k@bloglovin.com,Male,128.112.134.29
130,Stanislas,Scarisbrick,sscarisbrick3l@gnu.org,Non-binary,118.24.140.231
131,Sidoney,Pollock,spollock3m@jugem.jp,Agender,79.112.191.0
132,Anderson,Lisciandri,alisciandri3n@webeden.co.uk,Genderfluid,212.2.100.239
133,Dimitry,Moizer,dmoizer3o@cbsnews.com,Male,114.36.179.142
134,Tresa,Smallpiece,tsmallpiece3p@xrea.com,Genderfluid,237.62.199.161
135,Barney,Wybrow,bwybrow3q@dropbox.com,Agender,234.27.181.12
136,Ula,Domini,udomini3r@boston.com,Non-binary,186.111.236.49
137,Beulah,Faulo,bfaulo3s@cbsnews.com,Male,14.22.164.209
138,Candida,Henrionot,chenrionot3t@google.de,Male,164.179.85.132
139,Poul,Callaway,pcallaway3u@fc2.com,Genderqueer,240.85.172.23
140,Boycie,Hazelhurst,bhazelhurst3v@cdc.gov,Male,63.159.41.253
141,Emmalynn,Realff,erealff3w@latimes.com,Genderfluid,103.109.133.144
142,Hamnet,January 1st,hjanuaryst3x@multiply.com,Polygender,33.46.145.221
143,Kittie,Gatsby,kgatsby3y@ask.com,Non-binary,199.111.133.102
144,Dud,Hagstone,dhagstone3z@sbwire.com,Genderfluid,131.132.253.131
145,Irena,Wyburn,iwyburn40@photobucket.com,Non-binary,236.59.46.148
146,Emilio,Seeman,eseeman41@tmall.com,Female,135.163.169.180
147,Hagen,Michie,hmichie42@wix.com,Non-binary,31.100.202.151
148,Daniele,Quinton,dquinton43@ezinearticles.com,Non-binary,94.103.87.157
149,Lurline,Corkell,lcorkell44@yahoo.com,Male,33.227.217.84
150,Clyve,Divell,cdivell45@vimeo.com,Genderfluid,180.115.124.230
151,Padgett,Benne,pbenne46@vimeo.com,Non-binary,12.121.200.188
152,Abbe,Glayzer,aglayzer47@scribd.com,Genderfluid,10.164.31.5
153,Keely,Rillstone,krillstone48@hostgator.com,Genderfluid,90.3.81.137
154,Letisha,Quin,lquin49@geocities.com,Agender,146.32.180.68
155,Gregg,Melbury,gmelbury4a@newyorker.com,Genderfluid,138.134.20.26
156,Robbie,Biasio,rbiasio4b@reddit.com,Male,207.55.227.103
157,Melany,Jandourek,mjandourek4c@wunderground.com,Male,64.136.175.83
158,Gerladina,Heaffey,gheaffey4d@last.fm,Bigender,197.212.164.252
159,Talbert,Mapstone,tmapstone4e@homestead.com,Non-binary,230.67.16.67
160,Buddie,Shipston,bshipston4f@walmart.com,Bigender,42.152.88.207
161,Reina,Shortan,rshortan4g@hhs.gov,Polygender,221.34.174.190
162,Jud,Damsell,jdamsell4h@themeforest.net,Polygender,10.144.216.29
163,Fernanda,Phair,fphair4i@vistaprint.com,Agender,200.241.21.89
164,Kyrstin,Hardware,khardware4j@printfriendly.com,Male,11.142.228.126
165,Ward,Regenhardt,wregenhardt4k@cargocollective.com,Male,42.82.91.128
166,Nerty,Quilleash,nquilleash4l@prnewswire.com,Polygender,57.57.155.225
167,Irvin,Dellar,idellar4m@pinterest.com,Non-binary,188.129.236.189
168,Silva,McPharlain,smcpharlain4n@gnu.org,Non-binary,101.4.134.171
169,Harrie,Simonot,hsimonot4o@paypal.com,Polygender,63.198.88.31
170,Christophe,Garriock,cgarriock4p@ustream.tv,Agender,96.220.85.56
171,Ransell,Couchman,rcouchman4q@cbslocal.com,Genderfluid,198.215.206.87
172,Maxwell,De Roos,mderoos4r@smugmug.com,Female,71.199.86.90
173,Shelagh,Tennock,stennock4s@mashable.com,Polygender,214.29.91.113
174,Knox,Dodds,kdodds4t@rakuten.co.jp,Bigender,193.242.240.139
175,Laverne,Slany,lslany4u@discovery.com,Male,134.2.36.180
176,Edlin,Stitch,estitch4v@symantec.com,Genderqueer,60.52.65.238
177,Joshia,Tweedie,jtweedie4w@forbes.com,Bigender,127.70.228.62
178,Thorstein,Romer,tromer4x@hugedomains.com,Genderqueer,209.18.191.35
179,Nissie,Bauldry,nbauldry4y@washington.edu,Female,133.243.106.134
180,Porty,Cramond,pcramond4z@over-blog.com,Male,233.234.249.164
181,Fair,Jonah,fjonah50@g.co,Agender,89.109.191.241
182,Nolie,Ketchell,nketchell51@yolasite.com,Agender,149.223.254.64
183,Annette,Soal,asoal52@apache.org,Bigender,23.112.189.2
184,Delaney,Linde,dlinde53@lycos.com,Non-binary,97.120.2.252
185,Gregorio,Weekley,gweekley54@angelfire.com,Genderfluid,44.10.157.94
186,Grannie,Esilmon,gesilmon55@geocities.jp,Agender,237.1.229.229
187,Dougy,Shotboulte,dshotboulte56@craigslist.org,Genderqueer,54.101.3.243
188,Tarrance,Wrench,twrench57@microsoft.com,Genderfluid,237.79.35.66
189,Bev,Frounks,bfrounks58@guardian.co.uk,Genderqueer,162.154.215.122
190,Nappy,Cammidge,ncammidge59@odnoklassniki.ru,Genderqueer,171.111.51.99
191,Caz,Addicote,caddicote5a@sohu.com,Agender,239.234.196.91
192,Evania,Arboine,earboine5b@reverbnation.com,Genderqueer,168.231.171.229
193,Bernie,Simmonett,bsimmonett5c@issuu.com,Polygender,147.97.216.19
194,Kennith,Laycock,klaycock5d@techcrunch.com,Genderqueer,95.179.102.187
195,Aarika,Brickstock,abrickstock5e@plala.or.jp,Female,153.51.130.134
196,Mary,Roscamp,mroscamp5f@friendfeed.com,Non-binary,115.116.2.189
197,Branden,Grimditch,bgrimditch5g@reverbnation.com,Male,25.186.195.5
198,Phil,Caush,pcaush5h@addthis.com,Genderfluid,63.45.223.153
199,Remy,Halesworth,rhalesworth5i@fema.gov,Agender,58.94.83.218
200,Glynis,Noyce,gnoyce5j@xinhuanet.com,Agender,22.138.106.37
201,Isaac,Stapels,istapels5k@economist.com,Non-binary,76.50.176.3
202,Katie,Duckers,kduckers5l@google.com.br,Agender,58.171.145.28
203,Devlin,Biagini,dbiagini5m@reddit.com,Female,27.218.41.211
204,Roslyn,Mossbee,rmossbee5n@msu.edu,Genderfluid,96.180.94.151
205,Rora,Lowers,rlowers5o@dropbox.com,Genderfluid,31.172.89.106
206,Olvan,Lambshine,olambshine5p@barnesandnoble.com,Bigender,66.102.247.169
207,Flint,David,fdavid5q@telegraph.co.uk,Polygender,125.182.1.208
208,Sherwin,Victory,svictory5r@moonfruit.com,Non-binary,13.251.121.52
209,Kort,Blenkinsopp,kblenkinsopp5s@usgs.gov,Agender,102.131.26.57
210,Raymund,Brocklehurst,rbrocklehurst5t@plala.or.jp,Bigender,87.146.121.107
211,Bart,Murby,bmurby5u@theatlantic.com,Genderfluid,149.96.150.220
212,Dorri,Grishunin,dgrishunin5v@narod.ru,Female,80.121.87.121
213,Genny,Gandy,ggandy5w@usgs.gov,Genderfluid,117.251.76.220
214,Wallis,Vawton,wvawton5x@nbcnews.com,Non-binary,179.214.13.33
215,Dory,Bedingfield,dbedingfield5y@phoca.cz,Female,148.125.71.158
216,Shaine,Salter,ssalter5z@barnesandnoble.com,Bigender,45.7.227.157
217,Morten,Polk,mpolk60@yahoo.com,Polygender,8.172.126.13
218,Adelaida,Maffeo,amaffeo61@cisco.com,Non-binary,111.139.24.44
219,Paco,McCarlie,pmccarlie62@house.gov,Genderfluid,178.22.155.99
220,Gauthier,Leyton,gleyton63@youku.com,Genderqueer,85.193.163.89
221,Phaedra,Luckings,pluckings64@shutterfly.com,Genderfluid,189.254.82.44
222,Lindsey,Giannazzo,lgiannazzo65@telegraph.co.uk,Genderfluid,106.6.13.5
223,Dani,Pitsall,dpitsall66@behance.net,Genderfluid,249.148.40.203
224,Jamey,Imlacke,jimlacke67@ycombinator.com,Agender,239.232.77.107
225,Dominga,Terese,dterese68@utexas.edu,Bigender,217.141.245.167
226,Kelly,Ullrich,kullrich69@ca.gov,Bigender,131.138.63.9
227,Rycca,McDade,rmcdade6a@twitter.com,Male,193.76.188.91
228,Ashely,Priter,apriter6b@disqus.com,Non-binary,236.95.190.238
229,Ursula,Foottit,ufoottit6c@imageshack.us,Polygender,46.188.201.47
230,Reeva,Pitkin,rpitkin6d@google.nl,Bigender,113.166.192.131
231,Gratiana,Comoletti,gcomoletti6e@weather.com,Non-binary,190.220.146.227
232,Jecho,Seakings,jseakings6f@scribd.com,Genderfluid,121.55.194.92
233,Sully,Kingsworth,skingsworth6g@marriott.com,Female,166.245.64.3
234,Raye,Sedgmond,rsedgmond6h@webmd.com,Polygender,169.193.177.188
235,Wake,Gladbeck,wgladbeck6i@fc2.com,Non-binary,127.68.218.158
236,Ferdy,Bruinsma,fbruinsma6j@washington.edu,Bigender,188.237.122.147
237,Dita,Balsillie,dbalsillie6k@who.int,Genderqueer,34.64.201.202
238,Corbett,Aikin,caikin6l@pbs.org,Non-binary,75.163.112.172
239,Emmery,Letessier,eletessier6m@tripod.com,Bigender,89.32.149.86
240,Eleanore,Jacquemot,ejacquemot6n@hexun.com,Agender,60.229.204.185
241,Rickie,Wareham,rwareham6o@hhs.gov,Agender,197.92.45.133
242,Viv,Triswell,vtriswell6p@ocn.ne.jp,Bigender,136.167.41.49
243,Bernardine,Gowthorpe,bgowthorpe6q@ifeng.com,Non-binary,106.6.62.138
244,Frances,Sallows,fsallows6r@amazon.co.uk,Genderqueer,225.6.180.171
245,Garrard,Soles,gsoles6s@plala.or.jp,Male,249.105.185.238
246,Con,Hastelow,chastelow6t@skyrock.com,Genderfluid,157.253.31.226
247,Deonne,Smartman,dsmartman6u@infoseek.co.jp,Genderfluid,39.79.239.13
248,Corbie,Booij,cbooij6v@usatoday.com,Agender,19.98.209.80
249,Courtenay,Goding,cgoding6w@desdev.cn,Female,164.134.26.175
250,Tillie,Strephan,tstrephan6x@marketwatch.com,Non-binary,130.125.149.238
251,Gerry,Nesbeth,gnesbeth6y@washington.edu,Agender,254.44.26.246
252,Michell,Souness,msouness6z@ed.gov,Non-binary,83.63.22.42
253,Corrie,Klemmt,cklemmt70@1und1.de,Genderfluid,231.1.29.48
254,Daphna,Drohun,ddrohun71@instagram.com,Genderqueer,70.15.193.232
255,Verile,Gounin,vgounin72@usgs.gov,Female,2.58.90.112
256,Dasie,Snar,dsnar73@pen.io,Genderqueer,125.48.62.102
257,Reilly,Sego,rsego74@utexas.edu,Agender,37.199.174.86
258,Vanni,Beedell,vbeedell75@qq.com,Male,137.119.61.84
259,Jonis,Nasey,jnasey76@chron.com,Male,175.230.163.7
260,Thornie,Morcom,tmorcom77@wikipedia.org,Genderqueer,241.11.79.98
261,Madison,Oldcroft,moldcroft78@cnn.com,Male,161.59.132.138
262,Katharina,Fiennes,kfiennes79@cocolog-nifty.com,Genderqueer,188.82.21.10
263,Maure,Besse,mbesse7a@dailymotion.com,Agender,157.137.245.185
264,Katha,Keggins,kkeggins7b@wp.com,Female,176.248.121.72
265,Rafi,Metherell,rmetherell7c@gravatar.com,Genderfluid,102.156.168.58
266,Ignacius,Lumbly,ilumbly7d@state.tx.us,Agender,180.192.248.186
267,Lonna,Presswell,lpresswell7e@smugmug.com,Agender,2.179.159.249
268,Reynolds,Poundford,rpoundford7f@cornell.edu,Female,235.227.104.70
269,Nancey,Pitblado,npitblado7g@tamu.edu,Male,43.50.157.50
270,Lexi,Pinniger,lpinniger7h@newyorker.com,Genderqueer,152.69.223.216
271,Arlena,Besemer,abesemer7i@pen.io,Non-binary,242.105.144.80
272,Starlin,Bagby,sbagby7j@scribd.com,Genderfluid,195.204.156.223
273,Gwenny,Olifard,golifard7k@lulu.com,Polygender,125.248.129.4
274,Jourdan,Palffrey,jpalffrey7l@google.fr,Polygender,211.161.223.186
275,Marrilee,O' Cloney,mocloney7m@meetup.com,Polygender,239.230.142.62
276,Mae,Bishopp,mbishopp7n@latimes.com,Genderqueer,77.99.9.131
277,Channa,Alam,calam7o@nhs.uk,Polygender,255.190.13.221
278,Hans,Rollings,hrollings7p@microsoft.com,Male,75.7.162.178
279,Arabella,Cornborough,acornborough7q@arstechnica.com,Female,139.188.31.133
280,Lacee,Brock,lbrock7r@weather.com,Genderqueer,99.61.145.81
281,Dale,Methuen,dmethuen7s@blog.com,Polygender,182.180.58.139
282,Brandea,Keiling,bkeiling7t@hhs.gov,Non-binary,238.14.85.241
283,Lazar,McGragh,lmcgragh7u@fda.gov,Male,28.255.24.114
284,Karoline,Tupie,ktupie7v@prweb.com,Genderfluid,146.253.55.147
285,Janith,MacRirie,jmacririe7w@tinyurl.com,Non-binary,116.58.17.176
286,Harman,Heyfield,hheyfield7x@usgs.gov,Genderqueer,212.75.230.93
287,Karola,Pilsworth,kpilsworth7y@ihg.com,Genderfluid,119.13.20.20
288,Berti,Hevner,bhevner7z@netvibes.com,Genderfluid,37.214.209.130
289,Elaine,Gleadhall,egleadhall80@ftc.gov,Female,102.221.122.206
290,Cathryn,Tomson,ctomson81@merriam-webster.com,Non-binary,139.251.236.73
291,Ora,Loren,oloren82@spotify.com,Male,139.11.193.242
292,Boris,Bothams,bbothams83@europa.eu,Polygender,229.157.13.107
293,Matthieu,Drogan,mdrogan84@nifty.com,Polygender,178.29.66.165
294,Sharla,Downes,sdownes85@wix.com,Agender,22.241.196.133
295,Chen,Mattiuzzi,cmattiuzzi86@merriam-webster.com,Agender,231.47.172.37
296,Spike,Gonnet,sgonnet87@cafepress.com,Male,57.175.190.136
297,Mariel,Libbey,mlibbey88@cocolog-nifty.com,Bigender,113.76.53.177
298,Willamina,Mullins,wmullins89@flickr.com,Genderqueer,255.153.222.193
299,Kristy,MacKowle,kmackowle8a@bigcartel.com,Polygender,64.117.24.52
300,Becca,Stare,bstare8b@technorati.com,Female,166.97.227.74
301,Sybyl,Rocco,srocco8c@chronoengine.com,Genderqueer,71.238.12.92
302,Evelyn,Bernath,ebernath8d@dedecms.com,Bigender,107.44.239.69
303,Harmonia,Newell,hnewell8e@yandex.ru,Genderfluid,139.78.162.246
304,Jarred,Locks,jlocks8f@gov.uk,Female,213.138.93.248
305,Care,Holburn,cholburn8g@live.com,Bigender,148.169.48.44
306,Wayland,Kirimaa,wkirimaa8h@about.com,Agender,233.238.160.154
307,Pauletta,Chyuerton,pchyuerton8i@wiley.com,Female,230.45.34.127
308,Dell,Proudley,dproudley8j@google.it,Genderfluid,155.148.189.18
309,Tildi,Ferries,tferries8k@scribd.com,Bigender,132.57.40.211
310,Ezra,Gerbl,egerbl8l@ameblo.jp,Male,97.32.163.134
311,Caspar,Rutt,crutt8m@seesaa.net,Bigender,11.149.214.168
312,Ferdy,Heikkinen,fheikkinen8n@wikispaces.com,Polygender,127.90.154.202
313,Auria,Happs,ahapps8o@prlog.org,Genderfluid,64.12.1.20
314,Starla,Doers,sdoers8p@delicious.com,Non-binary,145.197.164.233
315,Taber,Casley,tcasley8q@vkontakte.ru,Polygender,208.97.93.66
316,Cinderella,Tripcony,ctripcony8r@newsvine.com,Agender,183.139.18.137
317,Camila,Cumes,ccumes8s@mtv.com,Male,29.196.30.3
318,Silvester,Gross,sgross8t@51.la,Female,2.217.85.230
319,Decca,Durgan,ddurgan8u@gov.uk,Female,198.31.150.74
320,Inglebert,Corbyn,icorbyn8v@salon.com,Bigender,66.229.179.61
321,Benedick,Humburton,bhumburton8w@rambler.ru,Non-binary,84.26.158.110
322,Angelique,Langthorne,alangthorne8x@usda.gov,Male,202.25.13.145
323,Luisa,Shulver,lshulver8y@reddit.com,Agender,215.147.125.35
324,Gayle,Covill,gcovill8z@nytimes.com,Male,132.150.85.169
325,Kennan,Melladew,kmelladew90@nps.gov,Genderqueer,4.74.34.222
326,Lizzy,Hawse,lhawse91@google.ca,Polygender,138.132.169.210
327,Loni,Downham,ldownham92@homestead.com,Polygender,249.217.131.154
328,Titus,Berthome,tberthome93@huffingtonpost.com,Polygender,6.135.116.215
329,Hamilton,Edmonds,hedmonds94@pinterest.com,Genderqueer,113.214.88.36
330,Rosabelle,Micheu,rmicheu95@parallels.com,Genderfluid,38.124.166.54
331,Paxton,Baskwell,pbaskwell96@livejournal.com,Genderqueer,73.251.161.219
332,Timmie,Tapner,ttapner97@clickbank.net,Agender,103.85.180.193
333,Chance,Smouten,csmouten98@blogspot.com,Female,187.6.73.47
334,Powell,Jeste,pjeste99@privacy.gov.au,Non-binary,42.174.37.25
335,Chuck,Grichukhanov,cgrichukhanov9a@blog.com,Female,151.87.245.49
336,Rosamund,Witling,rwitling9b@arstechnica.com,Polygender,118.244.101.81
337,Elna,Chesterton,echesterton9c@twitpic.com,Non-binary,124.6.42.205
338,Lilllie,Janecki,ljanecki9d@elpais.com,Male,132.54.241.204
339,Friedrich,Lough,flough9e@sohu.com,Genderfluid,207.161.201.222
340,Avrom,Hourstan,ahourstan9f@canalblog.com,Non-binary,98.47.221.132
341,Giulio,Cribbins,gcribbins9g@cocolog-nifty.com,Agender,134.17.108.179
342,Katie,Willerstone,kwillerstone9h@ft.com,Polygender,77.141.153.196
343,Eadmund,Cowgill,ecowgill9i@jiathis.com,Male,68.123.149.108
344,Lyndell,Callacher,lcallacher9j@who.int,Genderfluid,158.115.64.20
345,Fidelia,Baxstair,fbaxstair9k@ocn.ne.jp,Agender,35.59.224.152
346,Erinna,Berney,eberney9l@ca.gov,Agender,68.130.141.144
347,Celestia,Collen,ccollen9m@is.gd,Female,166.95.182.200
348,Maure,Pennells,mpennells9n@walmart.com,Non-binary,228.189.234.54
349,Angy,Ryott,aryott9o@google.fr,Polygender,30.161.89.57
350,Onfroi,Castanone,ocastanone9p@blogger.com,Bigender,245.223.133.236
351,Buddie,Wrigglesworth,bwrigglesworth9q@blogger.com,Female,26.56.182.249
352,Bridie,Dimitrescu,bdimitrescu9r@amazon.com,Female,193.89.86.99
353,Rutherford,Bodemeaid,rbodemeaid9s@ebay.com,Non-binary,143.185.175.48
354,Baxter,Ridsdell,bridsdell9t@senate.gov,Polygender,123.36.223.211
355,Estel,Delong,edelong9u@nytimes.com,Male,238.183.243.38
356,Lynda,Gumley,lgumley9v@diigo.com,Agender,233.168.94.30
357,Ewell,Rolse,erolse9w@godaddy.com,Polygender,135.203.119.226
358,Lucho,Burgot,lburgot9x@omniture.com,Female,62.129.253.52
359,Natasha,Tames,ntames9y@statcounter.com,Genderqueer,9.32.76.73
360,Colet,Wharlton,cwharlton9z@tumblr.com,Agender,129.138.164.8
361,Prudy,Kleinschmidt,pkleinschmidta0@vimeo.com,Non-binary,40.159.19.239
362,Emelen,Balderston,ebalderstona1@phoca.cz,Bigender,44.167.202.112
363,Linnet,Marquet,lmarqueta2@si.edu,Agender,251.68.225.42
364,Holt,Aloshikin,haloshikina3@webmd.com,Agender,197.21.140.208
365,Parsifal,Cantor,pcantora4@mac.com,Genderfluid,111.176.210.85
366,Jacki,Quare,jquarea5@tinyurl.com,Genderqueer,49.162.211.226
367,Leilah,Blacktin,lblacktina6@umn.edu,Non-binary,51.200.120.153
368,Mayne,Verne,mvernea7@vk.com,Genderqueer,21.90.245.26
369,Pat,Wackley,pwackleya8@networkadvertising.org,Male,220.154.204.95
370,Artie,Carloni,acarlonia9@studiopress.com,Male,104.27.233.165
371,Carmencita,Jendrach,cjendrachaa@webmd.com,Non-binary,9.255.191.29
372,Raine,Bamblett,rbamblettab@163.com,Non-binary,167.51.37.193
373,Max,Franzetti,mfranzettiac@slashdot.org,Polygender,202.254.174.231
374,Twyla,Hoyt,thoytad@cafepress.com,Male,31.39.121.142
375,Phebe,Fehners,pfehnersae@seesaa.net,Female,95.20.93.7
376,Silvanus,Lotherington,slotheringtonaf@baidu.com,Genderfluid,233.78.32.13
377,Ailis,Yablsley,ayablsleyag@va.gov,Bigender,228.175.8.66
378,Madelin,Ludlom,mludlomah@fc2.com,Polygender,214.74.106.133
379,Olympie,Dominik,odominikai@irs.gov,Polygender,179.251.147.131
380,Boote,MacGaughy,bmacgaughyaj@accuweather.com,Non-binary,144.224.66.183
381,Kelsi,Mithun,kmithunak@sina.com.cn,Genderqueer,197.216.86.71
382,Candida,Hamfleet,chamfleetal@bing.com,Female,226.115.115.112
383,Polly,Perrigo,pperrigoam@google.com.hk,Agender,186.106.149.246
384,Tammara,Abbotson,tabbotsonan@earthlink.net,Non-binary,138.84.38.72
385,Erinn,Hicks,ehicksao@businessweek.com,Bigender,1.81.31.47
386,Tandi,McShea,tmcsheaap@auda.org.au,Genderqueer,230.142.98.236
387,Stephie,Kilduff,skilduffaq@prlog.org,Female,241.80.8.173
388,Albert,Minkin,aminkinar@tumblr.com,Polygender,67.50.214.151
389,Bride,Harhoff,bharhoffas@ca.gov,Female,50.81.177.147
390,Rosemarie,Ancell,rancellat@archive.org,Female,31.154.173.52
391,Jolene,Bangley,jbangleyau@nbcnews.com,Female,160.124.71.68
392,Valera,Pioch,vpiochav@google.ca,Genderqueer,226.224.70.147
393,Starla,Tutin,stutinaw@economist.com,Polygender,221.50.37.255
394,Mandy,Mouncher,mmouncherax@e-recht24.de,Male,142.194.81.110
395,Elihu,Dehm,edehmay@spotify.com,Polygender,239.141.8.210
396,Zahara,Inskipp,zinskippaz@issuu.com,Male,118.242.193.6
397,Erick,Zeplin,ezeplinb0@nyu.edu,Polygender,253.184.116.116
398,Urson,Girardini,ugirardinib1@dailymotion.com,Female,56.78.21.140
399,Jerrome,Kruschev,jkruschevb2@dedecms.com,Genderfluid,97.9.68.90
400,Danella,Pitford,dpitfordb3@youtube.com,Polygender,36.152.119.80
401,Idelle,Bagnell,ibagnellb4@buzzfeed.com,Genderqueer,125.82.14.225
402,Lorrie,Morstatt,lmorstattb5@marketwatch.com,Non-binary,42.153.104.137
403,Vivienne,O'Doohaine,vodoohaineb6@springer.com,Female,62.115.128.246
404,Edwin,Gosnold,egosnoldb7@shutterfly.com,Female,231.214.36.204
405,Olly,Canet,ocanetb8@macromedia.com,Female,12.21.219.132
406,Penrod,Meegan,pmeeganb9@unc.edu,Female,95.12.165.151
407,Merrel,Antyukhin,mantyukhinba@example.com,Non-binary,211.56.125.101
408,Alvina,Tarrier,atarrierbb@ask.com,Non-binary,148.217.11.116
409,Jackie,Meigh,jmeighbc@earthlink.net,Genderqueer,27.20.223.27
410,Drucie,Tunna,dtunnabd@issuu.com,Male,32.99.47.189
411,Tandie,Ridolfi,tridolfibe@columbia.edu,Genderqueer,87.104.12.122
412,Geri,Drayn,gdraynbf@booking.com,Genderfluid,201.56.187.32
413,Ingeberg,Lahy,ilahybg@prweb.com,Genderfluid,43.42.64.157
414,Leland,Wallworth,lwallworthbh@washingtonpost.com,Genderfluid,202.83.65.27
415,Iris,Lorente,ilorentebi@google.com.br,Polygender,113.168.46.117
416,Marijn,Perch,mperchbj@gizmodo.com,Female,182.80.241.164
417,Jeanette,Sazio,jsaziobk@shutterfly.com,Polygender,152.133.96.7
418,Tiff,Rabbage,trabbagebl@jugem.jp,Polygender,208.171.207.62
419,Julina,Buy,jbuybm@gravatar.com,Genderfluid,99.179.229.212
420,Robbie,Alenin,raleninbn@facebook.com,Agender,183.235.150.12
421,Rockey,Bimrose,rbimrosebo@godaddy.com,Agender,118.147.39.29
422,Dillie,Guitton,dguittonbp@wordpress.org,Agender,244.202.193.210
423,Enriqueta,Sweeny,esweenybq@oakley.com,Bigender,110.218.171.51
424,Yorgo,Learman,ylearmanbr@gnu.org,Genderqueer,162.14.63.223
425,Andie,Antoney,aantoneybs@wikispaces.com,Genderqueer,31.36.122.99
426,Tad,Shelvey,tshelveybt@g.co,Female,179.58.224.103
427,Leonid,Hankinson,lhankinsonbu@illinois.edu,Female,210.198.217.74
428,Torrin,Davison,tdavisonbv@tinypic.com,Genderfluid,221.146.130.146
429,Nyssa,Artis,nartisbw@umn.edu,Female,179.235.118.119
430,Samuel,Skunes,sskunesbx@blog.com,Genderfluid,219.248.65.41
431,Lezlie,Kabsch,lkabschby@mozilla.org,Genderqueer,12.85.21.183
432,Jennie,Foard,jfoardbz@va.gov,Genderqueer,49.28.3.87
433,Rudie,Wissbey,rwissbeyc0@google.pl,Agender,86.156.133.87
434,Kikelia,Dracey,kdraceyc1@phpbb.com,Genderfluid,157.108.62.248
435,Kristoffer,Marsters,kmarstersc2@vimeo.com,Female,178.165.85.72
436,Debby,Castangia,dcastangiac3@ucsd.edu,Bigender,92.141.225.34
437,Glenden,Vaugham,gvaughamc4@dailymail.co.uk,Genderfluid,131.156.161.116
438,Veronika,Tuckey,vtuckeyc5@ucla.edu,Genderfluid,0.207.34.54
439,Kaleb,Sains,ksainsc6@devhub.com,Agender,72.0.255.22
440,Ailee,Bothe,abothec7@bravesites.com,Non-binary,48.44.254.7
441,Colene,Houseman,chousemanc8@deviantart.com,Agender,23.226.160.212
442,Parry,Jime,pjimec9@discuz.net,Genderfluid,6.165.125.117
443,Mandy,Tupman,mtupmanca@un.org,Non-binary,221.127.191.61
444,Bell,Lacy,blacycb@auda.org.au,Female,56.157.116.112
445,Sutherlan,Dessent,sdessentcc@wordpress.com,Male,75.42.34.43
446,Chrissy,Bumphries,cbumphriescd@acquirethisname.com,Polygender,192.156.64.215
447,Isidora,Pryce,iprycece@huffingtonpost.com,Male,172.113.83.115
448,Chrisse,Enion,cenioncf@google.ca,Agender,47.249.156.204
449,Appolonia,Cheel,acheelcg@blog.com,Genderfluid,38.197.29.111
450,Merissa,Kraut,mkrautch@rediff.com,Non-binary,107.42.74.57
451,Raf,Garrit,rgarritci@oaic.gov.au,Female,108.222.216.186
452,Kellen,Mulvagh,kmulvaghcj@fda.gov,Polygender,210.54.15.178
453,Almira,Mazzey,amazzeyck@eventbrite.com,Genderqueer,222.131.175.180
454,Hally,Manklow,hmanklowcl@sakura.ne.jp,Genderfluid,188.231.24.15
455,Hinze,Pedlingham,hpedlinghamcm@myspace.com,Male,105.136.107.38
456,Maximo,Merring,mmerringcn@last.fm,Agender,208.243.61.202
457,Zilvia,Keam,zkeamco@squidoo.com,Polygender,100.224.117.164
458,Sayers,Notton,snottoncp@myspace.com,Agender,57.123.79.219
459,Stearne,Turnbull,sturnbullcq@apple.com,Female,227.202.51.175
460,Veronique,Ellerbeck,vellerbeckcr@theatlantic.com,Genderqueer,9.198.95.171
461,Dacey,Poytheras,dpoytherascs@pinterest.com,Agender,231.106.217.160
462,Siana,Storres,sstorresct@miitbeian.gov.cn,Agender,21.93.32.211
463,Royce,Dilger,rdilgercu@youtu.be,Non-binary,114.11.88.232
464,Niki,Ipsley,nipsleycv@admin.ch,Male,170.122.177.78
465,Kim,Barts,kbartscw@weather.com,Bigender,125.246.31.237
466,Ruprecht,Darwood,rdarwoodcx@yolasite.com,Bigender,100.57.205.194
467,Clare,Lackinton,clackintoncy@samsung.com,Genderfluid,27.247.255.30
468,Richart,Hazlegrove,rhazlegrovecz@tinypic.com,Bigender,242.213.235.88
469,Skylar,Janota,sjanotad0@ucsd.edu,Agender,119.254.66.31
470,Amanda,Curner,acurnerd1@berkeley.edu,Agender,141.200.255.94
471,Val,Jeannaud,vjeannaudd2@bizjournals.com,Agender,211.35.224.203
472,Aldrich,Lefort,alefortd3@ca.gov,Bigender,42.144.122.148
473,Rayshell,Murra,rmurrad4@acquirethisname.com,Genderfluid,28.242.9.39
474,Loralyn,BoHlingolsen,lbohlingolsend5@cpanel.net,Non-binary,183.31.91.153
475,Germaine,Aireton,gairetond6@soundcloud.com,Male,62.10.4.11
476,Roobbie,Murgatroyd,rmurgatroydd7@hubpages.com,Non-binary,102.97.193.154
477,Kirsten,Bolles,kbollesd8@bigcartel.com,Agender,69.240.76.170
478,Jennee,Tipple,jtippled9@wikipedia.org,Male,173.19.68.180
479,Livvyy,Deedes,ldeedesda@reddit.com,Agender,23.114.243.48
480,Shani,Croall,scroalldb@symantec.com,Polygender,22.252.189.204
481,Arvy,Hurworth,ahurworthdc@drupal.org,Female,232.31.69.101
482,Evita,Issard,eissarddd@ted.com,Polygender,213.49.66.105
483,Richmound,Crossgrove,rcrossgrovede@hud.gov,Male,218.186.7.111
484,Gayle,Galpin,ggalpindf@google.com,Male,241.153.176.234
485,Kaylyn,Battershall,kbattershalldg@ask.com,Agender,114.198.125.94
486,Kristan,Tarquinio,ktarquiniodh@independent.co.uk,Bigender,217.181.51.198
487,Ryan,Hunn,rhunndi@engadget.com,Agender,33.202.25.181
488,Shanna,Engelbrecht,sengelbrechtdj@dmoz.org,Agender,86.196.112.128
489,Murvyn,Blunt,mbluntdk@naver.com,Genderqueer,57.233.229.33
490,Emily,Lattimore,elattimoredl@ning.com,Genderfluid,57.136.172.186
491,Hamnet,Lumber,hlumberdm@aol.com,Genderfluid,219.114.39.143
492,Aldric,Breens,abreensdn@bigcartel.com,Female,90.6.37.98
493,Amanda,Benyon,abenyondo@ed.gov,Female,180.246.5.42
494,Camila,Bahike,cbahikedp@gravatar.com,Genderqueer,97.26.176.131
495,Reeta,Skidmore,rskidmoredq@nytimes.com,Agender,71.96.241.193
496,Hew,Nimmo,hnimmodr@linkedin.com,Non-binary,237.220.184.92
497,Hubie,Routley,hroutleyds@sciencedirect.com,Non-binary,53.42.177.76
498,Alon,Lantoph,alantophdt@about.com,Female,242.106.144.54
499,Butch,Cerith,bcerithdu@loc.gov,Genderfluid,195.67.181.157
500,Dehlia,Noddle,dnoddledv@wired.com,Genderfluid,38.184.17.14
501,Rubetta,Chinery,rchinerydw@yolasite.com,Male,234.167.202.116
502,Sylvia,Niblett,sniblettdx@slashdot.org,Female,28.171.244.38
503,Hamlin,Hyder,hhyderdy@imdb.com,Genderfluid,147.142.122.46
504,Damiano,Bentzen,dbentzendz@weather.com,Female,22.230.85.136
505,Morley,Alban,malbane0@blogger.com,Bigender,247.197.209.235
506,Minnnie,McNuff,mmcnuffe1@cbsnews.com,Male,149.44.66.149
507,Bobette,Matura,bmaturae2@wikia.com,Agender,246.214.226.224
508,Wallas,Hugonneau,whugonneaue3@shutterfly.com,Agender,70.112.178.145
509,Susan,Bowser,sbowsere4@nhs.uk,Polygender,171.193.167.146
510,Roxi,Allery,rallerye5@dagondesign.com,Agender,128.56.206.21
511,Karon,Tweedle,ktweedlee6@nifty.com,Polygender,78.234.109.175
512,Tris,Blasoni,tblasonie7@hostgator.com,Agender,48.65.146.49
513,Orren,Belford,obelforde8@msn.com,Male,90.49.46.144
514,Zitella,Stonner,zstonnere9@mtv.com,Agender,6.124.92.16
515,Allis,Corps,acorpsea@cafepress.com,Male,165.156.90.11
516,Lawton,Kerswell,lkerswelleb@gnu.org,Agender,35.117.110.55
517,Honoria,Nussgen,hnussgenec@dion.ne.jp,Bigender,75.246.181.172
518,Kayla,Gore,kgoreed@last.fm,Male,85.242.65.13
519,Murielle,D'Avaux,mdavauxee@usnews.com,Genderfluid,92.114.45.174
520,Beilul,Edgley,bedgleyef@msu.edu,Agender,131.85.2.221
521,Silvana,Blay,sblayeg@ebay.com,Genderfluid,201.176.180.151
522,Keriann,Yerlett,kyerletteh@ucsd.edu,Non-binary,145.213.108.199
523,Gabriellia,Tower,gtowerei@1688.com,Non-binary,94.26.246.154
524,Eldon,Nanetti,enanettiej@seesaa.net,Genderfluid,141.61.23.123
525,Benjamen,Tapply,btapplyek@ucsd.edu,Agender,48.229.67.228
526,Terry,Tapping,ttappingel@pinterest.com,Agender,188.4.211.183
527,Denney,Ert,dertem@japanpost.jp,Non-binary,253.152.96.141
528,Angie,Blest,ablesten@symantec.com,Genderqueer,118.97.14.185
529,Doloritas,Meek,dmeekeo@vimeo.com,Male,179.249.93.25
530,Nicola,McCarty,nmccartyep@artisteer.com,Genderqueer,193.154.148.212
531,Anabella,Herche,ahercheeq@skyrock.com,Genderqueer,110.73.140.53
532,Jamie,Moorey,jmooreyer@mapy.cz,Female,145.175.207.197
533,Randy,Blasi,rblasies@parallels.com,Genderqueer,106.141.45.217
534,Chrystal,Edmenson,cedmensonet@phoca.cz,Polygender,25.177.96.12
535,Forrester,Lorrain,florraineu@netlog.com,Polygender,35.21.201.133
536,Albertina,Rimington,arimingtonev@artisteer.com,Male,212.108.197.1
537,Olympe,Kubalek,okubalekew@narod.ru,Bigender,217.102.57.82
538,Wilmar,Grzeskowski,wgrzeskowskiex@fda.gov,Bigender,84.195.197.176
539,Horacio,Stot,hstotey@hostgator.com,Genderfluid,160.211.3.111
540,Wini,Glencrosche,wglencroscheez@de.vu,Agender,229.205.21.73
541,Nomi,Lamputt,nlamputtf0@google.com.br,Polygender,29.94.62.254
542,Kevina,De la Perrelle,kdelaperrellef1@techcrunch.com,Genderfluid,121.184.162.171
543,Lindsay,Penrose,lpenrosef2@wordpress.com,Polygender,160.4.19.19
544,Alexandr,Dibling,adiblingf3@feedburner.com,Male,195.164.14.216
545,Roxi,Bartolomivis,rbartolomivisf4@over-blog.com,Non-binary,237.50.7.115
546,Marty,Gershom,mgershomf5@unicef.org,Polygender,166.135.20.247
547,Eolanda,Leakner,eleaknerf6@wix.com,Genderqueer,136.44.100.103
548,Janie,Kearsley,jkearsleyf7@fda.gov,Genderfluid,196.7.161.127
549,Giraud,Dewen,gdewenf8@chron.com,Agender,107.206.58.204
550,Kelby,McDugal,kmcdugalf9@etsy.com,Agender,242.224.41.108
551,Niels,Bann,nbannfa@arstechnica.com,Agender,143.110.217.55
552,Ryon,Ambrosi,rambrosifb@engadget.com,Genderfluid,184.64.187.214
553,Roxine,Stienton,rstientonfc@so-net.ne.jp,Agender,4.59.8.149
554,Bryon,Pilsworth,bpilsworthfd@alibaba.com,Non-binary,14.115.95.1
555,Marya,O'Hagirtie,mohagirtiefe@bizjournals.com,Non-binary,203.66.81.151
556,Larine,Borsnall,lborsnallff@uiuc.edu,Bigender,12.252.118.199
557,Pembroke,Madle,pmadlefg@google.co.uk,Polygender,221.232.109.119
558,Ortensia,Dolley,odolleyfh@mapy.cz,Male,43.32.41.70
559,Leone,Ten Broek,ltenbroekfi@google.cn,Non-binary,234.221.147.60
560,Luce,McQuirter,lmcquirterfj@de.vu,Non-binary,149.188.145.176
561,Ebonee,Van Arsdalen,evanarsdalenfk@phpbb.com,Female,161.97.149.72
562,Doro,Iacovone,diacovonefl@nsw.gov.au,Polygender,195.221.27.215
563,Janey,Brotherton,jbrothertonfm@theatlantic.com,Non-binary,35.134.247.183
564,Avery,Brassill,abrassillfn@mail.ru,Non-binary,203.181.230.146
565,Nissa,Bakhrushkin,nbakhrushkinfo@si.edu,Polygender,9.229.101.118
566,Jefferson,Rittmeyer,jrittmeyerfp@purevolume.com,Female,66.19.213.182
567,Charis,Blazejewski,cblazejewskifq@boston.com,Non-binary,235.250.161.242
568,Krystalle,Bidewell,kbidewellfr@flavors.me,Polygender,240.214.141.73
569,Bard,McMechan,bmcmechanfs@so-net.ne.jp,Female,139.48.67.149
570,Seline,Lanmeid,slanmeidft@auda.org.au,Genderqueer,217.210.114.84
571,Blisse,Sorrel,bsorrelfu@theguardian.com,Male,253.165.46.33
572,Wrennie,Foker,wfokerfv@deviantart.com,Bigender,141.22.174.217
573,Zacharie,Rogier,zrogierfw@house.gov,Genderfluid,144.234.8.156
574,Alberik,Bodker,abodkerfx@bbb.org,Non-binary,247.208.105.63
575,Cally,Hardbattle,chardbattlefy@quantcast.com,Non-binary,164.34.204.83
576,Johnna,Robbel,jrobbelfz@msn.com,Genderfluid,81.40.225.211
577,Rickert,Wimbush,rwimbushg0@prlog.org,Female,254.7.237.236
578,Hillel,Grumley,hgrumleyg1@vkontakte.ru,Non-binary,126.61.47.247
579,Holt,Wareing,hwareingg2@clickbank.net,Agender,136.197.135.108
580,Murdock,Bugdell,mbugdellg3@so-net.ne.jp,Agender,234.70.108.28
581,Fleur,Robinson,frobinsong4@wikimedia.org,Female,255.151.171.85
582,Marven,Chestnut,mchestnutg5@census.gov,Agender,99.102.51.100
583,Maurise,Pitcaithly,mpitcaithlyg6@cloudflare.com,Genderqueer,115.122.153.37
584,Brandie,Ridolfo,bridolfog7@live.com,Male,10.127.17.4
585,Nolana,Golsthorp,ngolsthorpg8@sohu.com,Male,254.147.76.235
586,Jan,Murthwaite,jmurthwaiteg9@usda.gov,Female,159.125.109.163
587,Valma,Giovanetti,vgiovanettiga@cdc.gov,Female,145.78.168.172
588,Augusta,Kealy,akealygb@howstuffworks.com,Genderfluid,167.112.50.226
589,Rich,Tweedle,rtweedlegc@chron.com,Polygender,4.186.92.30
590,Nan,Thomsson,nthomssongd@issuu.com,Genderqueer,193.238.127.38
591,Scott,Tavener,stavenerge@blogspot.com,Genderfluid,1.71.164.142
592,Billi,Lingwood,blingwoodgf@wikimedia.org,Genderqueer,185.52.194.245
593,Vern,Rubinowitch,vrubinowitchgg@opera.com,Female,158.47.56.165
594,Dennie,Christopherson,dchristophersongh@flavors.me,Male,176.5.176.84
595,Zia,De Domenici,zdedomenicigi@springer.com,Male,248.6.171.145
596,Jule,Pretorius,jpretoriusgj@google.cn,Female,61.230.75.146
597,Horst,Philps,hphilpsgk@163.com,Female,194.219.130.78
598,Etta,Stieger,estiegergl@ebay.com,Female,40.37.34.3
599,Roger,Normanville,rnormanvillegm@yelp.com,Non-binary,194.110.244.20
600,Tadeo,McOnie,tmconiegn@e-recht24.de,Bigender,6.203.129.44
601,Moses,Murrison,mmurrisongo@example.com,Genderfluid,188.205.148.27
602,Lana,Hakes,lhakesgp@ning.com,Male,211.140.244.144
603,Doretta,Gawen,dgawengq@utexas.edu,Polygender,193.160.154.98
604,Nester,Leyrroyd,nleyrroydgr@addthis.com,Polygender,17.185.41.62
605,Benn,Lacase,blacasegs@xinhuanet.com,Agender,73.220.95.73
606,Frasier,Hills,fhillsgt@ucsd.edu,Female,160.209.148.159
607,Kore,Wisher,kwishergu@marriott.com,Agender,13.190.212.105
608,Wilek,Eldred,weldredgv@1und1.de,Polygender,131.29.6.154
609,Belia,Heeley,bheeleygw@virginia.edu,Genderqueer,223.187.248.230
610,Massimo,Blaycock,mblaycockgx@cafepress.com,Genderfluid,121.91.2.30
611,Betsey,Jeenes,bjeenesgy@virginia.edu,Genderqueer,168.202.84.252
612,Kyla,Duckit,kduckitgz@webeden.co.uk,Bigender,147.181.242.9
613,Hyacinthie,Udale,hudaleh0@nymag.com,Agender,49.161.191.11
614,Ole,Whillock,owhillockh1@ucoz.ru,Genderfluid,100.239.198.133
615,Mariquilla,Jaslem,mjaslemh2@businessinsider.com,Genderqueer,76.139.24.101
616,Staffard,Nozzolinii,snozzoliniih3@statcounter.com,Female,114.220.97.140
617,Clare,Bigglestone,cbigglestoneh4@blog.com,Bigender,123.251.158.122
618,Winne,Garvie,wgarvieh5@slashdot.org,Bigender,134.231.214.10
619,Siegfried,Hartigan,shartiganh6@ehow.com,Male,68.122.192.251
620,Ariella,Shere,ashereh7@answers.com,Polygender,132.5.159.105
621,Corrine,Goldhill,cgoldhillh8@diigo.com,Genderqueer,197.52.43.120
622,Zorina,Bleackley,zbleackleyh9@arstechnica.com,Non-binary,168.208.217.157
623,Cosette,Humpatch,chumpatchha@alibaba.com,Genderfluid,15.10.219.115
624,Chiquita,Silvermann,csilvermannhb@sohu.com,Genderqueer,99.212.25.231
625,Adela,Langford,alangfordhc@blogs.com,Polygender,53.247.253.23
626,Brandi,Beels,bbeelshd@shinystat.com,Bigender,128.212.169.252
627,Esme,Clarridge,eclarridgehe@comsenz.com,Agender,216.22.253.218
628,Trula,Prestner,tprestnerhf@devhub.com,Genderfluid,226.171.133.89
629,Cass,Awin,cawinhg@salon.com,Female,163.210.127.76
630,Wendy,Littefair,wlittefairhh@plala.or.jp,Male,165.18.49.174
631,Fabio,Stansby,fstansbyhi@i2i.jp,Non-binary,218.210.206.125
632,Suzi,Cominotti,scominottihj@noaa.gov,Male,14.247.193.206
633,Karolina,Gatlin,kgatlinhk@washingtonpost.com,Female,180.198.121.66
634,Riane,Antrum,rantrumhl@1und1.de,Genderqueer,99.249.2.171
635,Brander,Groome,bgroomehm@wikimedia.org,Genderqueer,249.203.59.66
636,Fancy,Dybell,fdybellhn@msn.com,Female,120.56.67.141
637,Ki,Leglise,klegliseho@etsy.com,Genderfluid,104.145.139.7
638,Batholomew,Fullagar,bfullagarhp@cbslocal.com,Non-binary,86.212.107.31
639,Sibella,Egle,seglehq@weibo.com,Male,203.179.99.241
640,Duff,McGrill,dmcgrillhr@whitehouse.gov,Agender,194.16.28.131
641,Jacklyn,Olyunin,jolyuninhs@statcounter.com,Genderqueer,162.239.229.116
642,Nissa,Kadd,nkaddht@marketwatch.com,Genderqueer,14.29.170.71
643,Kesley,Canland,kcanlandhu@prlog.org,Genderfluid,46.193.9.73
644,Darice,Putland,dputlandhv@ibm.com,Male,59.175.150.48
645,Coraline,Rizzardini,crizzardinihw@unc.edu,Bigender,181.77.80.104
646,Shadow,Tschierasche,stschieraschehx@reverbnation.com,Non-binary,223.23.78.107
647,Harcourt,Britee,hbriteehy@imageshack.us,Non-binary,51.205.189.232
648,Taylor,Ramos,tramoshz@mysql.com,Genderfluid,102.193.196.225
649,Bobinette,Breedy,bbreedyi0@g.co,Female,161.137.213.5
650,Carlita,Woodhouse,cwoodhousei1@dropbox.com,Genderqueer,125.125.155.247
651,Reese,Wederell,rwederelli2@globo.com,Female,158.213.172.12
652,Phylys,Mawson,pmawsoni3@wisc.edu,Female,27.216.240.124
653,Theodor,Stonhouse,tstonhousei4@unc.edu,Female,99.142.130.235
654,Carolan,McCoveney,cmccoveneyi5@hp.com,Male,119.221.77.236
655,Chrisse,Snoddy,csnoddyi6@wisc.edu,Polygender,2.56.212.125
656,Micaela,Lindsley,mlindsleyi7@cnbc.com,Non-binary,229.56.247.187
657,Nara,Meecher,nmeecheri8@storify.com,Polygender,144.127.253.152
658,Maire,Inglese,minglesei9@nih.gov,Agender,175.206.12.160
659,Link,Handy,lhandyia@admin.ch,Polygender,68.246.242.15
660,Glendon,Tipperton,gtippertonib@theguardian.com,Female,130.142.158.230
661,Rosabelle,Dack,rdackic@nba.com,Male,91.217.155.126
662,Kattie,Batchellor,kbatchellorid@cargocollective.com,Male,192.109.102.106
663,Terrijo,Livsey,tlivseyie@cloudflare.com,Bigender,34.29.227.22
664,Rey,Pothecary,rpothecaryif@sourceforge.net,Genderqueer,3.250.99.55
665,Tuck,McCaskell,tmccaskellig@microsoft.com,Bigender,32.22.46.94
666,Ursulina,Jerzykiewicz,ujerzykiewiczih@i2i.jp,Genderqueer,162.153.94.255
667,Storm,Maase,smaaseii@gmpg.org,Genderfluid,38.113.241.169
668,Tony,Lauridsen,tlauridsenij@digg.com,Female,154.109.20.93
669,Delila,Whitcombe,dwhitcombeik@prnewswire.com,Bigender,42.135.212.4
670,Lizbeth,Brailsford,lbrailsfordil@arizona.edu,Male,226.200.75.174
671,Ailina,Robshaw,arobshawim@wix.com,Polygender,149.139.110.248
672,Ashlin,Semble,asemblein@unesco.org,Genderqueer,62.198.36.156
673,Mord,Ricardin,mricardinio@engadget.com,Polygender,172.126.229.8
674,Jarret,Kimbury,jkimburyip@seesaa.net,Genderfluid,202.37.129.182
675,Frederic,Boardman,fboardmaniq@unblog.fr,Agender,233.84.78.38
676,Lyle,Loddon,lloddonir@apple.com,Polygender,85.53.174.190
677,Kent,Shooter,kshooteris@joomla.org,Polygender,25.86.239.54
678,Zacharia,Kmieciak,zkmieciakit@cnbc.com,Male,79.25.82.186
679,Ferdinanda,Alfonzo,falfonzoiu@istockphoto.com,Bigender,241.178.96.232
680,Shaun,Argrave,sargraveiv@google.co.uk,Genderqueer,44.68.84.183
681,Edyth,Nisard,enisardiw@cpanel.net,Bigender,186.146.180.44
682,Kendal,Djokic,kdjokicix@sakura.ne.jp,Agender,99.35.181.215
683,Berni,Marriage,bmarriageiy@com.com,Male,17.119.119.214
684,Joshua,Petersen,jpeterseniz@aol.com,Female,254.32.211.146
685,Grange,Buckney,gbuckneyj0@parallels.com,Bigender,164.6.75.244
686,Parnell,Fettis,pfettisj1@eventbrite.com,Polygender,219.130.219.117
687,Felic,Tosspell,ftosspellj2@google.fr,Male,70.242.81.182
688,Chas,Searston,csearstonj3@yahoo.co.jp,Genderqueer,156.193.253.158
689,Gregorio,Waldron,gwaldronj4@symantec.com,Non-binary,186.153.190.230
690,Giorgi,Heskin,gheskinj5@sun.com,Genderqueer,161.201.236.248
691,Stacey,Bracchi,sbracchij6@cnet.com,Genderqueer,48.131.5.97
692,Kale,Nornasell,knornasellj7@chicagotribune.com,Genderfluid,249.155.208.183
693,Beverley,Lythgoe,blythgoej8@facebook.com,Genderfluid,0.74.21.39
694,Ora,Garn,ogarnj9@earthlink.net,Polygender,210.184.231.71
695,Abeu,Eisig,aeisigja@ehow.com,Polygender,49.191.158.47
696,Charlean,Keasley,ckeasleyjb@drupal.org,Genderqueer,129.247.52.20
697,Fons,Tokell,ftokelljc@imgur.com,Male,23.72.243.44
698,Mariana,Beastall,mbeastalljd@amazon.de,Non-binary,162.168.198.98
699,Lida,Linturn,llinturnje@reverbnation.com,Genderqueer,138.243.29.240
700,Miguel,Robecon,mrobeconjf@themeforest.net,Genderqueer,237.108.0.228
701,Crichton,Render,crenderjg@github.com,Bigender,105.135.77.34
702,Keri,Edgeler,kedgelerjh@zimbio.com,Genderqueer,0.94.63.116
703,Farica,Andriss,fandrissji@stumbleupon.com,Male,25.65.30.45
704,Aylmer,Stainburn,astainburnjj@webmd.com,Genderqueer,9.4.243.9
705,Grannie,Kiln,gkilnjk@unesco.org,Agender,83.158.115.175
706,Marika,Itzik,mitzikjl@cbsnews.com,Genderfluid,217.254.60.202
707,Janette,Ticehurst,jticehurstjm@themeforest.net,Male,78.191.198.204
708,Joella,Officer,jofficerjn@goo.ne.jp,Genderqueer,118.186.118.196
709,Brandyn,Lorraine,blorrainejo@unesco.org,Female,94.129.160.22
710,Burton,Bellord,bbellordjp@facebook.com,Agender,86.213.14.162
711,Thoma,Boyen,tboyenjq@redcross.org,Female,44.224.225.158
712,Clement,Pinare,cpinarejr@rediff.com,Polygender,252.28.203.210
713,Ranique,Conrart,rconrartjs@clickbank.net,Female,156.255.31.94
714,Elayne,de Clerc,edeclercjt@jimdo.com,Polygender,81.23.21.73
715,Ermanno,Pook,epookju@nasa.gov,Polygender,158.127.33.237
716,Timi,Dockrell,tdockrelljv@instagram.com,Agender,36.174.147.182
717,Sharlene,Fanthome,sfanthomejw@alibaba.com,Female,208.61.190.238
718,Maribeth,Veitch,mveitchjx@answers.com,Genderqueer,104.200.123.196
719,Betsey,Bruckmann,bbruckmannjy@dedecms.com,Polygender,172.91.79.105
720,Bidget,Noorwood,bnoorwoodjz@vkontakte.ru,Genderqueer,45.74.222.94
721,Gray,Gircke,ggirckek0@gravatar.com,Polygender,190.44.23.38
722,Willdon,Harrop,wharropk1@arstechnica.com,Non-binary,105.240.210.78
723,Karel,Elnor,kelnork2@fema.gov,Male,240.123.250.2
724,Daryle,Llewelyn,dllewelynk3@mozilla.org,Non-binary,128.231.101.161
725,Franny,Minor,fminork4@cisco.com,Agender,151.124.38.19
726,Trixy,Beevis,tbeevisk5@wired.com,Genderqueer,23.40.218.101
727,Osbert,Choupin,ochoupink6@artisteer.com,Bigender,216.91.2.45
728,Michele,McCann,mmccannk7@dailymail.co.uk,Bigender,83.31.166.162
729,Lindy,Germann,lgermannk8@va.gov,Genderqueer,247.33.70.89
730,Theadora,Atcock,tatcockk9@cnet.com,Bigender,172.177.200.254
731,Ebba,Ickowics,eickowicska@barnesandnoble.com,Genderqueer,57.58.154.46
732,Erastus,Toffetto,etoffettokb@nyu.edu,Agender,73.14.205.235
733,Tanitansy,Greenside,tgreensidekc@123-reg.co.uk,Genderqueer,204.202.112.41
734,Matthaeus,Claibourn,mclaibournkd@usatoday.com,Genderfluid,112.31.177.177
735,Karlene,Gerriet,kgerrietke@google.fr,Non-binary,152.96.117.212
736,Burr,Brabban,bbrabbankf@barnesandnoble.com,Male,20.0.132.249
737,Standford,Sleath,ssleathkg@seattletimes.com,Bigender,170.96.173.134
738,Peirce,Askell,paskellkh@springer.com,Bigender,178.7.163.167
739,Gael,Halleybone,ghalleyboneki@fotki.com,Genderfluid,238.96.129.66
740,Madelaine,Coat,mcoatkj@cnn.com,Male,154.93.142.47
741,Alfredo,Ygo,aygokk@furl.net,Non-binary,238.71.185.23
742,Karissa,McKissack,kmckissackkl@google.ca,Male,81.146.176.49
743,Virginie,Exrol,vexrolkm@homestead.com,Genderfluid,55.186.207.25
744,Stella,Glayzer,sglayzerkn@tumblr.com,Male,189.144.152.115
745,Ginni,Ambrus,gambrusko@umich.edu,Bigender,69.166.218.193
746,Bartel,Coushe,bcoushekp@ucoz.com,Agender,59.35.248.18
747,Johna,Castellucci,jcastelluccikq@state.gov,Polygender,18.197.22.101
748,Tyson,Tyson,ttysonkr@apple.com,Agender,188.10.57.164
749,Elnar,Iacovini,eiacoviniks@meetup.com,Genderqueer,36.190.146.167
750,Fowler,Impleton,fimpletonkt@pcworld.com,Male,79.145.217.0
751,Zsa zsa,Mattack,zmattackku@seattletimes.com,Bigender,17.44.183.97
752,Marlo,Boothby,mboothbykv@freewebs.com,Genderqueer,70.10.182.123
753,Ami,Rawdall,arawdallkw@slideshare.net,Agender,104.121.0.245
754,Langston,Dies,ldieskx@flickr.com,Agender,5.205.166.157
755,Clem,McPartling,cmcpartlingky@dion.ne.jp,Male,120.209.162.150
756,Laughton,Mauchlen,lmauchlenkz@addthis.com,Genderfluid,122.170.18.27
757,Carling,McColley,cmccolleyl0@tripod.com,Polygender,153.67.170.127
758,Jere,Inker,jinkerl1@gnu.org,Genderfluid,104.190.161.65
759,Mendie,Twidle,mtwidlel2@phoca.cz,Polygender,212.233.0.6
760,Dukey,Tiley,dtileyl3@clickbank.net,Male,118.191.61.72
761,Elyn,Wannop,ewannopl4@tamu.edu,Female,25.20.167.145
762,Anselma,Lancashire,alancashirel5@state.gov,Bigender,74.161.177.87
763,Kris,Shurville,kshurvillel6@washingtonpost.com,Genderfluid,48.147.32.212
764,Stanislas,Bleacher,sbleacherl7@harvard.edu,Agender,254.236.161.102
765,Naoma,Tripean,ntripeanl8@desdev.cn,Male,181.158.63.8
766,Davidson,Riddlesden,driddlesdenl9@state.tx.us,Non-binary,46.7.249.252
767,Hallsy,Filyakov,hfilyakovla@bloomberg.com,Male,246.215.54.210
768,Archer,Cleminshaw,acleminshawlb@foxnews.com,Non-binary,190.15.235.136
769,Laurence,Vousden,lvousdenlc@flavors.me,Bigender,49.33.139.233
770,Lynn,Dudderidge,ldudderidgeld@engadget.com,Bigender,152.233.168.220
771,Nils,Gavrielly,ngavriellyle@fema.gov,Male,112.148.138.212
772,Kakalina,Paddington,kpaddingtonlf@instagram.com,Genderqueer,211.255.77.223
773,Isabel,O'Crigan,iocriganlg@sbwire.com,Male,250.132.40.86
774,Bell,Killimister,bkillimisterlh@tamu.edu,Bigender,243.111.236.19
775,Ingelbert,Domoney,idomoneyli@economist.com,Genderfluid,233.22.79.47
776,Mathias,Kalf,mkalflj@privacy.gov.au,Polygender,235.60.33.191
777,Omero,Rouch,orouchlk@alexa.com,Bigender,200.133.89.53
778,Valenka,Comini,vcominill@rediff.com,Agender,181.24.168.26
779,Casandra,Purkins,cpurkinslm@senate.gov,Polygender,106.123.106.225
780,Nevin,Leman,nlemanln@qq.com,Genderfluid,192.6.242.203
781,Calypso,La Batie,clabatielo@google.com.br,Agender,223.133.69.179
782,Erich,Bass,ebasslp@auda.org.au,Non-binary,138.121.110.94
783,Lisa,Gladeche,lgladechelq@phpbb.com,Non-binary,116.123.118.53
784,Nadya,Bene,nbenelr@soup.io,Male,190.107.7.6
785,Delcine,Fazakerley,dfazakerleyls@artisteer.com,Genderqueer,207.107.144.132
786,Inger,Dello,idellolt@example.com,Male,124.42.51.46
787,Sylvia,Blight,sblightlu@sun.com,Female,43.77.233.43
788,Lisetta,Grigsby,lgrigsbylv@loc.gov,Agender,234.186.132.213
789,Orran,Odd,ooddlw@ovh.net,Polygender,9.150.35.136
790,Parrnell,Batchelour,pbatchelourlx@mashable.com,Genderfluid,186.146.237.125
791,Lindi,Godain,lgodainly@cbc.ca,Male,27.56.169.185
792,Jacinta,Threadgould,jthreadgouldlz@creativecommons.org,Non-binary,175.94.177.214
793,Onofredo,Hadlow,ohadlowm0@fc2.com,Polygender,137.140.37.97
794,Darius,Sharrem,dsharremm1@msu.edu,Polygender,79.84.148.67
795,Galven,D'Elia,gdeliam2@smh.com.au,Agender,49.115.142.57
796,Korey,Lyptrit,klyptritm3@disqus.com,Agender,6.89.44.213
797,Rosina,Gather,rgatherm4@phoca.cz,Non-binary,164.23.223.207
798,Theadora,Basham,tbashamm5@zimbio.com,Genderfluid,217.157.21.21
799,Giordano,Inold,ginoldm6@prnewswire.com,Genderqueer,190.240.37.1
800,Adolpho,Hickisson,ahickissonm7@issuu.com,Genderfluid,103.177.193.127
801,Corey,Parchment,cparchmentm8@addtoany.com,Polygender,99.210.137.35
802,Daisi,Picknett,dpicknettm9@cargocollective.com,Non-binary,248.190.11.79
803,Jermaine,Edmondson,jedmondsonma@4shared.com,Male,93.160.4.233
804,Myrle,Dielhenn,mdielhennmb@webmd.com,Genderqueer,205.232.205.25
805,Hasheem,Domek,hdomekmc@mac.com,Polygender,122.189.167.240
806,Read,Gronauer,rgronauermd@addtoany.com,Polygender,197.254.27.110
807,Tomas,Coveney,tcoveneyme@latimes.com,Non-binary,88.68.139.84
808,Vincents,Succamore,vsuccamoremf@quantcast.com,Agender,43.18.239.185
809,Asa,Crawcour,acrawcourmg@paypal.com,Female,243.31.82.247
810,Edi,Kelinge,ekelingemh@github.io,Bigender,109.190.239.107
811,Xever,Poulsen,xpoulsenmi@mtv.com,Bigender,173.49.105.157
812,Horton,Naire,hnairemj@dell.com,Bigender,135.39.27.229
813,Aundrea,Slafford,aslaffordmk@de.vu,Female,205.106.51.254
814,Quillan,Tinghill,qtinghillml@mashable.com,Polygender,210.173.196.120
815,Orlan,Engelbrecht,oengelbrechtmm@multiply.com,Polygender,42.27.168.120
816,Theresina,Brickstock,tbrickstockmn@symantec.com,Male,184.220.100.105
817,Clarissa,Tart,ctartmo@soup.io,Genderfluid,134.17.245.145
818,Sissie,Balogh,sbaloghmp@bloglines.com,Male,38.192.247.230
819,Cull,Greensitt,cgreensittmq@shop-pro.jp,Genderfluid,6.239.145.11
820,Gray,Kinleyside,gkinleysidemr@sun.com,Genderfluid,162.157.64.100
821,Thoma,Ballham,tballhamms@123-reg.co.uk,Bigender,25.137.204.99
822,Stearn,Digg,sdiggmt@xing.com,Male,194.156.72.247
823,Iago,Rampley,irampleymu@icio.us,Bigender,27.255.156.154
824,Nisse,Rosenthal,nrosenthalmv@t-online.de,Polygender,104.247.50.21
825,Conrado,Lemme,clemmemw@irs.gov,Polygender,27.184.216.119
826,Jeannine,Chipman,jchipmanmx@vinaora.com,Genderqueer,126.191.192.62
827,Emeline,Balk,ebalkmy@dmoz.org,Non-binary,107.39.255.103
828,Jorgan,Mellodey,jmellodeymz@cyberchimps.com,Male,21.230.159.105
829,Brion,Snowsill,bsnowsilln0@seattletimes.com,Male,82.102.247.72
830,Lavinia,Buncom,lbuncomn1@engadget.com,Polygender,149.173.67.94
831,Broddy,Dumke,bdumken2@sphinn.com,Male,61.105.241.175
832,Janenna,Burkitt,jburkittn3@geocities.jp,Polygender,23.38.132.12
833,Halli,Jacks,hjacksn4@virginia.edu,Male,171.187.225.196
834,Barret,Giannazzo,bgiannazzon5@purevolume.com,Genderfluid,26.0.227.1
835,Wesley,Manicom,wmanicomn6@flickr.com,Agender,254.181.9.44
836,Zondra,Reolfo,zreolfon7@123-reg.co.uk,Polygender,195.94.154.198
837,Hasheem,Beatey,hbeateyn8@tamu.edu,Non-binary,199.118.226.227
838,Kylie,Ungerechts,kungerechtsn9@cocolog-nifty.com,Polygender,246.63.24.177
839,Alvina,Goggey,agoggeyna@elegantthemes.com,Agender,140.150.222.172
840,Odie,Prose,oprosenb@flavors.me,Genderqueer,188.126.164.241
841,Dominique,Tindall,dtindallnc@bizjournals.com,Non-binary,121.225.202.33
842,Terrence,Fitzsimmons,tfitzsimmonsnd@issuu.com,Male,209.123.186.128
843,Haleigh,MacCauley,hmaccauleyne@admin.ch,Male,59.61.139.253
844,Nicholle,Medlicott,nmedlicottnf@washingtonpost.com,Bigender,206.93.13.202
845,Hussein,Villaron,hvillaronng@cornell.edu,Polygender,210.100.213.157
846,Phoebe,Lamlin,plamlinnh@earthlink.net,Polygender,171.83.21.111
847,Elka,Stealfox,estealfoxni@simplemachines.org,Female,11.242.61.150
848,Corrine,Kubica,ckubicanj@un.org,Female,104.110.35.233
849,Nichole,Tillyer,ntillyernk@is.gd,Polygender,125.86.208.140
850,Fraze,Joburn,fjoburnnl@github.com,Female,155.106.151.47
851,Kirstyn,Messier,kmessiernm@elegantthemes.com,Male,254.236.1.233
852,Fairfax,Gartsyde,fgartsydenn@ning.com,Bigender,67.138.148.132
853,Ashlie,Glasspool,aglasspoolno@phpbb.com,Genderfluid,153.120.191.188
854,Hedvige,Cockerham,hcockerhamnp@netlog.com,Male,97.13.249.241
855,Sloan,Blackler,sblacklernq@virginia.edu,Bigender,249.148.110.134
856,Sherlock,Mohammad,smohammadnr@hc360.com,Genderqueer,213.93.49.188
857,Welsh,Bliven,wblivenns@newyorker.com,Male,23.67.208.146
858,Janine,Wain,jwainnt@hc360.com,Bigender,99.193.150.165
859,Darrin,Stopps,dstoppsnu@aol.com,Male,86.50.148.99
860,Bridgette,Fontes,bfontesnv@stanford.edu,Polygender,227.82.229.223
861,Ignacio,Rudinger,irudingernw@wired.com,Female,144.216.35.16
862,Davidson,Boldt,dboldtnx@wikispaces.com,Female,178.210.31.16
863,Stinky,Shingler,sshinglerny@mac.com,Bigender,4.170.30.130
864,Shandra,Challener,schallenernz@slashdot.org,Male,152.175.3.100
865,Paola,Yitzovitz,pyitzovitzo0@sohu.com,Agender,222.254.168.1
866,Griselda,Hopfer,ghopfero1@pagesperso-orange.fr,Polygender,138.94.215.203
867,Hieronymus,Dochon,hdochono2@mapquest.com,Genderfluid,249.55.130.97
868,Rea,Oattes,roatteso3@google.com,Genderqueer,137.169.34.112
869,Roseanne,Flawn,rflawno4@webmd.com,Genderqueer,19.32.29.24
870,Sanderson,Philippet,sphilippeto5@toplist.cz,Genderfluid,89.88.183.54
871,Jermayne,Giron,jgirono6@unesco.org,Bigender,76.40.112.32
872,Chance,Sarton,csartono7@zdnet.com,Female,202.224.234.20
873,Lil,Sulman,lsulmano8@hugedomains.com,Polygender,8.55.101.148
874,Biron,Jeaves,bjeaveso9@freewebs.com,Male,135.153.184.35
875,Aline,Panther,apantheroa@google.de,Genderqueer,40.27.200.83
876,Kathe,Stepto,ksteptoob@tinyurl.com,Agender,28.165.240.69
877,Cody,Paddick,cpaddickoc@home.pl,Non-binary,222.101.202.39
878,Donna,Giovannini,dgiovanniniod@wisc.edu,Polygender,220.234.130.172
879,Kristoffer,Benian,kbenianoe@omniture.com,Polygender,209.104.216.196
880,Constancia,Taphouse,ctaphouseof@is.gd,Agender,125.119.110.126
881,Charmian,Dollar,cdollarog@mapquest.com,Agender,235.196.105.202
882,Peder,Garbutt,pgarbuttoh@soundcloud.com,Agender,219.171.46.77
883,Brad,Pendreigh,bpendreighoi@mapy.cz,Genderqueer,6.131.163.230
884,Itch,Dantesia,idantesiaoj@mysql.com,Agender,200.163.79.1
885,Sena,Janman,sjanmanok@example.com,Male,184.14.26.218
886,Bret,Woofinden,bwoofindenol@bbb.org,Polygender,60.241.140.51
887,Gertruda,Perritt,gperrittom@vimeo.com,Agender,215.43.89.71
888,Lorry,Offer,lofferon@hhs.gov,Bigender,82.5.126.149
889,Ashley,McKevin,amckevinoo@slideshare.net,Male,69.61.87.238
890,Britta,Ogley,bogleyop@apple.com,Female,226.20.12.247
891,Archibaldo,Herety,aheretyoq@cdbaby.com,Genderqueer,8.143.59.52
892,Townie,Preston,tprestonor@is.gd,Female,245.189.72.246
893,Irv,De Clairmont,ideclairmontos@webeden.co.uk,Polygender,109.233.153.102
894,Dianna,Kaine,dkaineot@gov.uk,Male,155.12.121.183
895,Joya,Latehouse,jlatehouseou@sina.com.cn,Non-binary,205.252.178.217
896,Berty,Mutlow,bmutlowov@hugedomains.com,Agender,131.103.97.180
897,Kippie,Florentine,kflorentineow@nasa.gov,Agender,112.64.223.66
898,Orlan,Larcombe,olarcombeox@pen.io,Bigender,23.128.63.152
899,Alanna,Lempertz,alempertzoy@cornell.edu,Polygender,101.222.210.198
900,Nick,Fruin,nfruinoz@msu.edu,Agender,17.231.7.242
901,Dianna,Langfitt,dlangfittp0@acquirethisname.com,Bigender,163.232.99.173
902,Harman,Garrat,hgarratp1@skyrock.com,Bigender,106.71.63.238
903,Kyla,Whittles,kwhittlesp2@scientificamerican.com,Non-binary,62.23.241.229
904,Inger,Duckett,iduckettp3@ucla.edu,Genderfluid,20.242.227.105
905,Maribel,Durrans,mdurransp4@mapquest.com,Bigender,237.215.44.106
906,Theodosia,Greenaway,tgreenawayp5@npr.org,Agender,52.2.26.171
907,Suki,Challoner,schallonerp6@vimeo.com,Female,162.83.89.222
908,Arlinda,Du Plantier,aduplantierp7@usgs.gov,Bigender,144.72.100.230
909,Ethelind,Faulkener,efaulkenerp8@surveymonkey.com,Genderqueer,69.186.199.176
910,Mireielle,Cruwys,mcruwysp9@fotki.com,Female,136.102.41.222
911,Phillis,Raraty,praratypa@goo.ne.jp,Female,90.10.4.77
912,Hunter,Mayling,hmaylingpb@nba.com,Polygender,188.68.107.224
913,Emmey,Bentson,ebentsonpc@flavors.me,Male,166.16.28.127
914,Luise,Jerams,ljeramspd@imageshack.us,Genderfluid,44.143.9.1
915,Ekaterina,Capp,ecapppe@merriam-webster.com,Male,54.3.117.21
916,Tull,Sneaker,tsneakerpf@infoseek.co.jp,Female,101.192.40.90
917,Bendite,Bentley,bbentleypg@ft.com,Female,215.90.35.254
918,Korie,Burdus,kburdusph@technorati.com,Genderfluid,252.123.73.214
919,Porter,Kobes,pkobespi@microsoft.com,Female,127.55.224.52
920,Torre,Cushelly,tcushellypj@hugedomains.com,Non-binary,72.109.185.214
921,Dulcea,Broadway,dbroadwaypk@psu.edu,Male,204.42.240.5
922,Valle,Rhubottom,vrhubottompl@list-manage.com,Polygender,24.228.160.142
923,Locke,Fawcus,lfawcuspm@techcrunch.com,Female,132.160.133.34
924,Dyna,Aguirrezabal,daguirrezabalpn@slate.com,Polygender,40.131.3.110
925,Dave,Welsh,dwelshpo@cnn.com,Genderqueer,57.231.109.248
926,Kally,Eadmead,keadmeadpp@miitbeian.gov.cn,Female,65.240.131.27
927,Nico,Devers,ndeverspq@baidu.com,Non-binary,160.251.61.104
928,Kerwinn,Welds,kweldspr@mac.com,Bigender,0.27.208.174
929,Ignatius,Adnams,iadnamsps@feedburner.com,Bigender,37.43.8.140
930,Reilly,Sizey,rsizeypt@dropbox.com,Non-binary,186.229.0.30
931,Abie,Matthisson,amatthissonpu@livejournal.com,Non-binary,32.97.21.240
932,Reena,Manneville,rmannevillepv@tinypic.com,Non-binary,23.64.166.254
933,Boony,Bernt,bberntpw@histats.com,Bigender,174.117.232.102
934,Patric,Quillinane,pquillinanepx@simplemachines.org,Agender,253.111.244.185
935,Ranice,Elderton,reldertonpy@reuters.com,Agender,78.101.70.2
936,Suzi,Hayler,shaylerpz@51.la,Genderqueer,105.247.110.124
937,Tiphany,Trouncer,ttrouncerq0@xinhuanet.com,Female,186.169.107.9
938,Isacco,Breach,ibreachq1@1und1.de,Male,225.207.164.56
939,Davie,Cuniffe,dcuniffeq2@discovery.com,Genderqueer,150.24.103.81
940,Liva,Gaskins,lgaskinsq3@chronoengine.com,Non-binary,217.59.153.212
941,Renato,Ebbing,rebbingq4@imgur.com,Male,178.220.61.84
942,Salvatore,Geertje,sgeertjeq5@kickstarter.com,Genderqueer,51.174.25.141
943,Renell,Voas,rvoasq6@yahoo.com,Non-binary,21.85.234.144
944,Hedi,Lund,hlundq7@unicef.org,Bigender,194.165.25.30
945,Blaire,Orpwood,borpwoodq8@psu.edu,Non-binary,95.230.209.25
946,Alard,Ledrun,aledrunq9@businesswire.com,Male,65.201.58.196
947,Ab,Kropp,akroppqa@statcounter.com,Female,248.176.67.17
948,Roanne,Rapier,rrapierqb@google.es,Non-binary,106.6.89.203
949,Hali,Leadbetter,hleadbetterqc@about.com,Genderqueer,233.38.91.193
950,Chelsy,Gunter,cgunterqd@sun.com,Polygender,13.165.193.85
951,Kincaid,Swayte,kswayteqe@instagram.com,Non-binary,130.18.55.228
952,Carina,Ebben,cebbenqf@mlb.com,Non-binary,88.184.20.94
953,Heidi,Boggis,hboggisqg@upenn.edu,Genderqueer,34.80.191.18
954,William,Joll,wjollqh@1688.com,Non-binary,218.169.95.192
955,Devina,Ewington,dewingtonqi@tinypic.com,Bigender,50.27.85.168
956,Adelaida,Harley,aharleyqj@sfgate.com,Male,37.5.211.135
957,Tobe,Fredi,tfrediqk@a8.net,Genderqueer,245.234.4.195
958,Kirsten,Latchford,klatchfordql@sina.com.cn,Polygender,137.96.231.69
959,Blake,Verney,bverneyqm@bluehost.com,Polygender,175.90.173.0
960,Stafford,Flott,sflottqn@scribd.com,Agender,98.250.89.237
961,Lanny,Salvage,lsalvageqo@prweb.com,Male,169.241.85.62
962,Rosella,Tottle,rtottleqp@salon.com,Non-binary,25.152.195.7
963,Gaye,Scad,gscadqq@usgs.gov,Genderfluid,9.4.9.38
964,Stirling,Holligan,sholliganqr@java.com,Genderqueer,30.68.79.84
965,Westbrook,Lascell,wlascellqs@go.com,Non-binary,41.2.191.116
966,Clarice,Kraut,ckrautqt@cpanel.net,Bigender,158.110.11.62
967,Boote,Connow,bconnowqu@mayoclinic.com,Genderfluid,215.27.52.181
968,Wallis,Skevington,wskevingtonqv@wikimedia.org,Male,201.166.17.244
969,Germain,Trahmel,gtrahmelqw@hao123.com,Agender,4.232.239.106
970,Dru,Duester,dduesterqx@amazonaws.com,Agender,2.175.157.8
971,Bobbye,Barnewell,bbarnewellqy@mapquest.com,Polygender,215.230.77.253
972,Natassia,Sotworth,nsotworthqz@blogspot.com,Female,68.63.174.207
973,Renault,Foulsham,rfoulshamr0@upenn.edu,Genderfluid,217.101.104.93
974,Pepi,Sharpless,psharplessr1@hubpages.com,Polygender,33.237.25.203
975,Corty,Leipnik,cleipnikr2@mlb.com,Bigender,37.80.189.91
976,Brigitte,Pinkney,bpinkneyr3@hexun.com,Male,149.237.152.248
977,Shara,Varndell,svarndellr4@instagram.com,Non-binary,15.211.90.35
978,Pietra,Gamlyn,pgamlynr5@un.org,Agender,58.41.115.45
979,Katerina,Edon,kedonr6@com.com,Agender,204.2.32.9
980,Galvin,Leyzell,gleyzellr7@huffingtonpost.com,Non-binary,215.129.202.91
981,Marty,Gueny,mguenyr8@imdb.com,Female,191.55.98.28
982,Willow,Manuaud,wmanuaudr9@biblegateway.com,Male,248.35.253.99
983,Mathilda,Rickeard,mrickeardra@youtube.com,Female,81.226.223.35
984,Loleta,Judson,ljudsonrb@a8.net,Agender,144.64.62.166
985,Margo,Scoggan,mscogganrc@flickr.com,Genderqueer,213.10.210.59
986,Michal,Molohan,mmolohanrd@oaic.gov.au,Genderfluid,108.67.149.205
987,Darya,Doddridge,ddoddridgere@merriam-webster.com,Polygender,210.135.165.128
988,Angil,Lowensohn,alowensohnrf@wikipedia.org,Polygender,147.39.27.224
989,Britteny,Willgress,bwillgressrg@tripod.com,Female,149.120.226.104
990,Catlee,Melbury,cmelburyrh@imageshack.us,Genderfluid,96.110.128.42
991,Abbey,Matys,amatysri@mysql.com,Male,57.15.204.57
992,Jayne,Arnal,jarnalrj@dedecms.com,Bigender,4.222.60.36
993,Lizzie,Killigrew,lkilligrewrk@privacy.gov.au,Polygender,74.42.93.113
994,Rosina,Clarey,rclareyrl@vimeo.com,Non-binary,238.19.14.17
995,Linzy,Danilchev,ldanilchevrm@sogou.com,Polygender,143.72.112.188
996,Kenn,Paffley,kpaffleyrn@acquirethisname.com,Agender,80.214.229.112
997,Leeann,Laurisch,llaurischro@nba.com,Polygender,214.21.126.85
998,Barnabas,Neylan,bneylanrp@bizjournals.com,Genderqueer,231.204.4.212
999,Arvin,Storrier,astorrierrq@geocities.com,Agender,199.54.129.131
1000,Basia,Twelvetrees,btwelvetreesrr@forbes.com,Female,250.44.73.6
3,Corri,Campling,Female,Sweden
3,Corri,Campling,Female,Sweden
